{"a": 12.1212124, "bb": 8.338352680206299}